Sigla;Código;Estado;Ano;IDH;Melhora_1991_2024
AC;12;Acre;1991;0,402;0,352
AC;12;Acre;2000;0,517;0,352
AC;12;Acre;2010;0,663;0,352
AC;12;Acre;2012;0,705;0,352
AC;12;Acre;2013;0,709;0,352
AC;12;Acre;2014;0,719;0,352
AC;12;Acre;2015;0,719;0,352
AC;12;Acre;2016;0,723;0,352
AC;12;Acre;2017;0,711;0,352
AC;12;Acre;2018;0,731;0,352
AC;12;Acre;2019;0,738;0,352
AC;12;Acre;2020;0,736;0,352
AC;12;Acre;2021;0,702;0,352
AC;12;Acre;2022;0,732;0,352
AC;12;Acre;2023;0,74;0,352
AC;12;Acre;2024;0,754;0,352
AL;27;Alagoas;1991;0,37;0,376
AL;27;Alagoas;2000;0,471;0,376
AL;27;Alagoas;2010;0,631;0,376
AL;27;Alagoas;2012;0,657;0,376
AL;27;Alagoas;2013;0,653;0,376
AL;27;Alagoas;2014;0,67;0,376
AL;27;Alagoas;2015;0,669;0,376
AL;27;Alagoas;2016;0,68;0,376
AL;27;Alagoas;2017;0,682;0,376
AL;27;Alagoas;2018;0,694;0,376
AL;27;Alagoas;2019;0,693;0,376
AL;27;Alagoas;2020;0,694;0,376
AL;27;Alagoas;2021;0,691;0,376
AL;27;Alagoas;2022;0,722;0,376
AL;27;Alagoas;2023;0,739;0,376
AL;27;Alagoas;2024;0,746;0,376
AM;13;Amazonas;1991;0,43;0,337
AM;13;Amazonas;2000;0,515;0,337
AM;13;Amazonas;2010;0,674;0,337
AM;13;Amazonas;2012;0,706;0,337
AM;13;Amazonas;2013;0,717;0,337
AM;13;Amazonas;2014;0,72;0,337
AM;13;Amazonas;2015;0,724;0,337
AM;13;Amazonas;2016;0,723;0,337
AM;13;Amazonas;2017;0,743;0,337
AM;13;Amazonas;2018;0,732;0,337
AM;13;Amazonas;2019;0,739;0,337
AM;13;Amazonas;2020;0,725;0,337
AM;13;Amazonas;2021;0,7;0,337
AM;13;Amazonas;2022;0,757;0,337
AM;13;Amazonas;2023;0,764;0,337
AM;13;Amazonas;2024;0,767;0,337
AP;16;Amapá;1991;0,472;0,28700000000000003
AP;16;Amapá;2000;0,577;0,28700000000000003
AP;16;Amapá;2010;0,708;0,28700000000000003
AP;16;Amapá;2012;0,709;0,28700000000000003
AP;16;Amapá;2013;0,735;0,28700000000000003
AP;16;Amapá;2014;0,726;0,28700000000000003
AP;16;Amapá;2015;0,728;0,28700000000000003
AP;16;Amapá;2016;0,732;0,28700000000000003
AP;16;Amapá;2017;0,731;0,28700000000000003
AP;16;Amapá;2018;0,737;0,28700000000000003
AP;16;Amapá;2019;0,732;0,28700000000000003
AP;16;Amapá;2020;0,707;0,28700000000000003
AP;16;Amapá;2021;0,681;0,28700000000000003
AP;16;Amapá;2022;0,743;0,28700000000000003
AP;16;Amapá;2023;0,767;0,28700000000000003
AP;16;Amapá;2024;0,759;0,28700000000000003
BA;29;Bahia;1991;0,386;0,373
BA;29;Bahia;2000;0,512;0,373
BA;29;Bahia;2010;0,66;0,373
BA;29;Bahia;2012;0,684;0,373
BA;29;Bahia;2013;0,686;0,373
BA;29;Bahia;2014;0,7;0,373
BA;29;Bahia;2015;0,708;0,373
BA;29;Bahia;2016;0,708;0,373
BA;29;Bahia;2017;0,715;0,373
BA;29;Bahia;2018;0,714;0,373
BA;29;Bahia;2019;0,723;0,373
BA;29;Bahia;2020;0,726;0,373
BA;29;Bahia;2021;0,698;0,373
BA;29;Bahia;2022;0,734;0,373
BA;29;Bahia;2023;0,74;0,373
BA;29;Bahia;2024;0,759;0,373
CE;23;Ceará;1991;0,405;0,368
CE;23;Ceará;2000;0,541;0,368
CE;23;Ceará;2010;0,682;0,368
CE;23;Ceará;2012;0,709;0,368
CE;23;Ceará;2013;0,712;0,368
CE;23;Ceará;2014;0,717;0,368
CE;23;Ceará;2015;0,723;0,368
CE;23;Ceará;2016;0,727;0,368
CE;23;Ceará;2017;0,737;0,368
CE;23;Ceará;2018;0,746;0,368
CE;23;Ceará;2019;0,754;0,368
CE;23;Ceará;2020;0,753;0,368
CE;23;Ceará;2021;0,74;0,368
CE;23;Ceará;2022;0,759;0,368
CE;23;Ceará;2023;0,773;0,368
CE;23;Ceará;2024;0,773;0,368
DF;53;Distrito Federal;1991;0,616;0,25
DF;53;Distrito Federal;2000;0,725;0,25
DF;53;Distrito Federal;2010;0,824;0,25
DF;53;Distrito Federal;2012;0,824;0,25
DF;53;Distrito Federal;2013;0,834;0,25
DF;53;Distrito Federal;2014;0,834;0,25
DF;53;Distrito Federal;2015;0,833;0,25
DF;53;Distrito Federal;2016;0,842;0,25
DF;53;Distrito Federal;2017;0,842;0,25
DF;53;Distrito Federal;2018;0,845;0,25
DF;53;Distrito Federal;2019;0,86;0,25
DF;53;Distrito Federal;2020;0,837;0,25
DF;53;Distrito Federal;2021;0,823;0,25
DF;53;Distrito Federal;2022;0,867;0,25
DF;53;Distrito Federal;2023;0,87;0,25
DF;53;Distrito Federal;2024;0,866;0,25
ES;32;Espírito Santo;1991;0,505;0,29900000000000004
ES;32;Espírito Santo;2000;0,64;0,29900000000000004
ES;32;Espírito Santo;2010;0,74;0,29900000000000004
ES;32;Espírito Santo;2012;0,747;0,29900000000000004
ES;32;Espírito Santo;2013;0,755;0,29900000000000004
ES;32;Espírito Santo;2014;0,763;0,29900000000000004
ES;32;Espírito Santo;2015;0,766;0,29900000000000004
ES;32;Espírito Santo;2016;0,766;0,29900000000000004
ES;32;Espírito Santo;2017;0,769;0,29900000000000004
ES;32;Espírito Santo;2018;0,776;0,29900000000000004
ES;32;Espírito Santo;2019;0,78;0,29900000000000004
ES;32;Espírito Santo;2020;0,773;0,29900000000000004
ES;32;Espírito Santo;2021;0,754;0,29900000000000004
ES;32;Espírito Santo;2022;0,782;0,29900000000000004
ES;32;Espírito Santo;2023;0,803;0,29900000000000004
ES;32;Espírito Santo;2024;0,804;0,29900000000000004
GO;52;Goiás;1991;0,487;0,32799999999999996
GO;52;Goiás;2000;0,615;0,32799999999999996
GO;52;Goiás;2010;0,735;0,32799999999999996
GO;52;Goiás;2012;0,744;0,32799999999999996
GO;52;Goiás;2013;0,753;0,32799999999999996
GO;52;Goiás;2014;0,759;0,32799999999999996
GO;52;Goiás;2015;0,758;0,32799999999999996
GO;52;Goiás;2016;0,765;0,32799999999999996
GO;52;Goiás;2017;0,77;0,32799999999999996
GO;52;Goiás;2018;0,776;0,32799999999999996
GO;52;Goiás;2019;0,78;0,32799999999999996
GO;52;Goiás;2020;0,777;0,32799999999999996
GO;52;Goiás;2021;0,755;0,32799999999999996
GO;52;Goiás;2022;0,797;0,32799999999999996
GO;52;Goiás;2023;0,809;0,32799999999999996
GO;52;Goiás;2024;0,815;0,32799999999999996
MA;21;Maranhão;1991;0,357;0,388
MA;21;Maranhão;2000;0,476;0,388
MA;21;Maranhão;2010;0,639;0,388
MA;21;Maranhão;2012;0,669;0,388
MA;21;Maranhão;2013;0,682;0,388
MA;21;Maranhão;2014;0,683;0,388
MA;21;Maranhão;2015;0,69;0,388
MA;21;Maranhão;2016;0,698;0,388
MA;21;Maranhão;2017;0,704;0,388
MA;21;Maranhão;2018;0,706;0,388
MA;21;Maranhão;2019;0,715;0,388
MA;21;Maranhão;2020;0,715;0,388
MA;21;Maranhão;2021;0,701;0,388
MA;21;Maranhão;2022;0,73;0,388
MA;21;Maranhão;2023;0,74;0,388
MA;21;Maranhão;2024;0,745;0,388
MG;31;Minas Gerais;1991;0,478;0,33100000000000007
MG;31;Minas Gerais;2000;0,624;0,33100000000000007
MG;31;Minas Gerais;2010;0,731;0,33100000000000007
MG;31;Minas Gerais;2012;0,743;0,33100000000000007
MG;31;Minas Gerais;2013;0,751;0,33100000000000007
MG;31;Minas Gerais;2014;0,764;0,33100000000000007
MG;31;Minas Gerais;2015;0,767;0,33100000000000007
MG;31;Minas Gerais;2016;0,77;0,33100000000000007
MG;31;Minas Gerais;2017;0,777;0,33100000000000007
MG;31;Minas Gerais;2018;0,778;0,33100000000000007
MG;31;Minas Gerais;2019;0,787;0,33100000000000007
MG;31;Minas Gerais;2020;0,782;0,33100000000000007
MG;31;Minas Gerais;2021;0,763;0,33100000000000007
MG;31;Minas Gerais;2022;0,793;0,33100000000000007
MG;31;Minas Gerais;2023;0,803;0,33100000000000007
MG;31;Minas Gerais;2024;0,809;0,33100000000000007
MS;50;Mato Grosso do Sul;1991;0,488;0,30900000000000005
MS;50;Mato Grosso do Sul;2000;0,613;0,30900000000000005
MS;50;Mato Grosso do Sul;2010;0,729;0,30900000000000005
MS;50;Mato Grosso do Sul;2012;0,732;0,30900000000000005
MS;50;Mato Grosso do Sul;2013;0,741;0,30900000000000005
MS;50;Mato Grosso do Sul;2014;0,743;0,30900000000000005
MS;50;Mato Grosso do Sul;2015;0,737;0,30900000000000005
MS;50;Mato Grosso do Sul;2016;0,755;0,30900000000000005
MS;50;Mato Grosso do Sul;2017;0,758;0,30900000000000005
MS;50;Mato Grosso do Sul;2018;0,767;0,30900000000000005
MS;50;Mato Grosso do Sul;2019;0,774;0,30900000000000005
MS;50;Mato Grosso do Sul;2020;0,771;0,30900000000000005
MS;50;Mato Grosso do Sul;2021;0,748;0,30900000000000005
MS;50;Mato Grosso do Sul;2022;0,781;0,30900000000000005
MS;50;Mato Grosso do Sul;2023;0,79;0,30900000000000005
MS;50;Mato Grosso do Sul;2024;0,797;0,30900000000000005
MT;51;Mato Grosso;1991;0,449;0,36300000000000004
MT;51;Mato Grosso;2000;0,601;0,36300000000000004
MT;51;Mato Grosso;2010;0,725;0,36300000000000004
MT;51;Mato Grosso;2012;0,743;0,36300000000000004
MT;51;Mato Grosso;2013;0,757;0,36300000000000004
MT;51;Mato Grosso;2014;0,761;0,36300000000000004
MT;51;Mato Grosso;2015;0,767;0,36300000000000004
MT;51;Mato Grosso;2016;0,766;0,36300000000000004
MT;51;Mato Grosso;2017;0,769;0,36300000000000004
MT;51;Mato Grosso;2018;0,78;0,36300000000000004
MT;51;Mato Grosso;2019;0,782;0,36300000000000004
MT;51;Mato Grosso;2020;0,767;0,36300000000000004
MT;51;Mato Grosso;2021;0,745;0,36300000000000004
MT;51;Mato Grosso;2022;0,794;0,36300000000000004
MT;51;Mato Grosso;2023;0,795;0,36300000000000004
MT;51;Mato Grosso;2024;0,812;0,36300000000000004
PA;15;Pará;1991;0,413;0,34500000000000003
PA;15;Pará;2000;0,518;0,34500000000000003
PA;15;Pará;2010;0,646;0,34500000000000003
PA;15;Pará;2012;0,677;0,34500000000000003
PA;15;Pará;2013;0,684;0,34500000000000003
PA;15;Pará;2014;0,696;0,34500000000000003
PA;15;Pará;2015;0,701;0,34500000000000003
PA;15;Pará;2016;0,697;0,34500000000000003
PA;15;Pará;2017;0,705;0,34500000000000003
PA;15;Pará;2018;0,719;0,34500000000000003
PA;15;Pará;2019;0,717;0,34500000000000003
PA;15;Pará;2020;0,723;0,34500000000000003
PA;15;Pará;2021;0,706;0,34500000000000003
PA;15;Pará;2022;0,734;0,34500000000000003
PA;15;Pará;2023;0,753;0,34500000000000003
PA;15;Pará;2024;0,758;0,34500000000000003
PB;25;Paraíba;1991;0,382;0,378
PB;25;Paraíba;2000;0,506;0,378
PB;25;Paraíba;2010;0,658;0,378
PB;25;Paraíba;2012;0,679;0,378
PB;25;Paraíba;2013;0,675;0,378
PB;25;Paraíba;2014;0,697;0,378
PB;25;Paraíba;2015;0,71;0,378
PB;25;Paraíba;2016;0,712;0,378
PB;25;Paraíba;2017;0,725;0,378
PB;25;Paraíba;2018;0,719;0,378
PB;25;Paraíba;2019;0,721;0,378
PB;25;Paraíba;2020;0,716;0,378
PB;25;Paraíba;2021;0,703;0,378
PB;25;Paraíba;2022;0,737;0,378
PB;25;Paraíba;2023;0,757;0,378
PB;25;Paraíba;2024;0,76;0,378
PE;26;Pernambuco;1991;0,44;0,327
PE;26;Pernambuco;2000;0,544;0,327
PE;26;Pernambuco;2010;0,673;0,327
PE;26;Pernambuco;2012;0,692;0,327
PE;26;Pernambuco;2013;0,708;0,327
PE;26;Pernambuco;2014;0,72;0,327
PE;26;Pernambuco;2015;0,722;0,327
PE;26;Pernambuco;2016;0,72;0,327
PE;26;Pernambuco;2017;0,72;0,327
PE;26;Pernambuco;2018;0,734;0,327
PE;26;Pernambuco;2019;0,74;0,327
PE;26;Pernambuco;2020;0,73;0,327
PE;26;Pernambuco;2021;0,716;0,327
PE;26;Pernambuco;2022;0,745;0,327
PE;26;Pernambuco;2023;0,754;0,327
PE;26;Pernambuco;2024;0,767;0,327
PI;22;Piauí;1991;0,362;0,402
PI;22;Piauí;2000;0,484;0,402
PI;22;Piauí;2010;0,646;0,402
PI;22;Piauí;2012;0,68;0,402
PI;22;Piauí;2013;0,7;0,402
PI;22;Piauí;2014;0,705;0,402
PI;22;Piauí;2015;0,711;0,402
PI;22;Piauí;2016;0,707;0,402
PI;22;Piauí;2017;0,715;0,402
PI;22;Piauí;2018;0,719;0,402
PI;22;Piauí;2019;0,727;0,402
PI;22;Piauí;2020;0,724;0,402
PI;22;Piauí;2021;0,716;0,402
PI;22;Piauí;2022;0,743;0,402
PI;22;Piauí;2023;0,761;0,402
PI;22;Piauí;2024;0,764;0,402
PR;41;Paraná;1991;0,507;0,31499999999999995
PR;41;Paraná;2000;0,65;0,31499999999999995
PR;41;Paraná;2010;0,749;0,31499999999999995
PR;41;Paraná;2012;0,763;0,31499999999999995
PR;41;Paraná;2013;0,773;0,31499999999999995
PR;41;Paraná;2014;0,779;0,31499999999999995
PR;41;Paraná;2015;0,776;0,31499999999999995
PR;41;Paraná;2016;0,786;0,31499999999999995
PR;41;Paraná;2017;0,787;0,31499999999999995
PR;41;Paraná;2018;0,797;0,31499999999999995
PR;41;Paraná;2019;0,799;0,31499999999999995
PR;41;Paraná;2020;0,793;0,31499999999999995
PR;41;Paraná;2021;0,767;0,31499999999999995
PR;41;Paraná;2022;0,8;0,31499999999999995
PR;41;Paraná;2023;0,812;0,31499999999999995
PR;41;Paraná;2024;0,822;0,31499999999999995
RJ;33;Rio de Janeiro;1991;0,573;0,246
RJ;33;Rio de Janeiro;2000;0,664;0,246
RJ;33;Rio de Janeiro;2010;0,761;0,246
RJ;33;Rio de Janeiro;2012;0,755;0,246
RJ;33;Rio de Janeiro;2013;0,761;0,246
RJ;33;Rio de Janeiro;2014;0,771;0,246
RJ;33;Rio de Janeiro;2015;0,774;0,246
RJ;33;Rio de Janeiro;2016;0,776;0,246
RJ;33;Rio de Janeiro;2017;0,778;0,246
RJ;33;Rio de Janeiro;2018;0,792;0,246
RJ;33;Rio de Janeiro;2019;0,795;0,246
RJ;33;Rio de Janeiro;2020;0,781;0,246
RJ;33;Rio de Janeiro;2021;0,763;0,246
RJ;33;Rio de Janeiro;2022;0,804;0,246
RJ;33;Rio de Janeiro;2023;0,813;0,246
RJ;33;Rio de Janeiro;2024;0,819;0,246
RN;24;Rio Grande do Norte;1991;0,428;0,35000000000000003
RN;24;Rio Grande do Norte;2000;0,552;0,35000000000000003
RN;24;Rio Grande do Norte;2010;0,684;0,35000000000000003
RN;24;Rio Grande do Norte;2012;0,695;0,35000000000000003
RN;24;Rio Grande do Norte;2013;0,708;0,35000000000000003
RN;24;Rio Grande do Norte;2014;0,721;0,35000000000000003
RN;24;Rio Grande do Norte;2015;0,731;0,35000000000000003
RN;24;Rio Grande do Norte;2016;0,729;0,35000000000000003
RN;24;Rio Grande do Norte;2017;0,723;0,35000000000000003
RN;24;Rio Grande do Norte;2018;0,734;0,35000000000000003
RN;24;Rio Grande do Norte;2019;0,738;0,35000000000000003
RN;24;Rio Grande do Norte;2020;0,742;0,35000000000000003
RN;24;Rio Grande do Norte;2021;0,723;0,35000000000000003
RN;24;Rio Grande do Norte;2022;0,744;0,35000000000000003
RN;24;Rio Grande do Norte;2023;0,763;0,35000000000000003
RN;24;Rio Grande do Norte;2024;0,778;0,35000000000000003
RO;11;Rondônia;1991;0,407;0,37900000000000006
RO;11;Rondônia;2000;0,537;0,37900000000000006
RO;11;Rondônia;2010;0,69;0,37900000000000006
RO;11;Rondônia;2012;0,708;0,37900000000000006
RO;11;Rondônia;2013;0,702;0,37900000000000006
RO;11;Rondônia;2014;0,709;0,37900000000000006
RO;11;Rondônia;2015;0,72;0,37900000000000006
RO;11;Rondônia;2016;0,724;0,37900000000000006
RO;11;Rondônia;2017;0,74;0,37900000000000006
RO;11;Rondônia;2018;0,751;0,37900000000000006
RO;11;Rondônia;2019;0,752;0,37900000000000006
RO;11;Rondônia;2020;0,752;0,37900000000000006
RO;11;Rondônia;2021;0,708;0,37900000000000006
RO;11;Rondônia;2022;0,762;0,37900000000000006
RO;11;Rondônia;2023;0,768;0,37900000000000006
RO;11;Rondônia;2024;0,786;0,37900000000000006
RR;14;Roraima;1991;0,459;0,321
RR;14;Roraima;2000;0,598;0,321
RR;14;Roraima;2010;0,707;0,321
RR;14;Roraima;2012;0,761;0,321
RR;14;Roraima;2013;0,757;0,321
RR;14;Roraima;2014;0,762;0,321
RR;14;Roraima;2015;0,767;0,321
RR;14;Roraima;2016;0,761;0,321
RR;14;Roraima;2017;0,758;0,321
RR;14;Roraima;2018;0,767;0,321
RR;14;Roraima;2019;0,757;0,321
RR;14;Roraima;2020;0,735;0,321
RR;14;Roraima;2021;0,694;0,321
RR;14;Roraima;2022;0,763;0,321
RR;14;Roraima;2023;0,769;0,321
RR;14;Roraima;2024;0,78;0,321
RS;43;Rio Grande do Sul;1991;0,542;0,2759999999999999
RS;43;Rio Grande do Sul;2000;0,664;0,2759999999999999
RS;43;Rio Grande do Sul;2010;0,746;0,2759999999999999
RS;43;Rio Grande do Sul;2012;0,753;0,2759999999999999
RS;43;Rio Grande do Sul;2013;0,762;0,2759999999999999
RS;43;Rio Grande do Sul;2014;0,767;0,2759999999999999
RS;43;Rio Grande do Sul;2015;0,775;0,2759999999999999
RS;43;Rio Grande do Sul;2016;0,776;0,2759999999999999
RS;43;Rio Grande do Sul;2017;0,781;0,2759999999999999
RS;43;Rio Grande do Sul;2018;0,784;0,2759999999999999
RS;43;Rio Grande do Sul;2019;0,788;0,2759999999999999
RS;43;Rio Grande do Sul;2020;0,787;0,2759999999999999
RS;43;Rio Grande do Sul;2021;0,772;0,2759999999999999
RS;43;Rio Grande do Sul;2022;0,796;0,2759999999999999
RS;43;Rio Grande do Sul;2023;0,806;0,2759999999999999
RS;43;Rio Grande do Sul;2024;0,818;0,2759999999999999
SC;42;Santa Catarina;1991;0,543;0,2899999999999999
SC;42;Santa Catarina;2000;0,674;0,2899999999999999
SC;42;Santa Catarina;2010;0,774;0,2899999999999999
SC;42;Santa Catarina;2012;0,782;0,2899999999999999
SC;42;Santa Catarina;2013;0,791;0,2899999999999999
SC;42;Santa Catarina;2014;0,796;0,2899999999999999
SC;42;Santa Catarina;2015;0,798;0,2899999999999999
SC;42;Santa Catarina;2016;0,801;0,2899999999999999
SC;42;Santa Catarina;2017;0,804;0,2899999999999999
SC;42;Santa Catarina;2018;0,807;0,2899999999999999
SC;42;Santa Catarina;2019;0,814;0,2899999999999999
SC;42;Santa Catarina;2020;0,805;0,2899999999999999
SC;42;Santa Catarina;2021;0,789;0,2899999999999999
SC;42;Santa Catarina;2022;0,811;0,2899999999999999
SC;42;Santa Catarina;2023;0,821;0,2899999999999999
SC;42;Santa Catarina;2024;0,833;0,2899999999999999
SE;28;Sergipe;1991;0,408;0,35300000000000004
SE;28;Sergipe;2000;0,518;0,35300000000000004
SE;28;Sergipe;2010;0,665;0,35300000000000004
SE;28;Sergipe;2012;0,691;0,35300000000000004
SE;28;Sergipe;2013;0,689;0,35300000000000004
SE;28;Sergipe;2014;0,702;0,35300000000000004
SE;28;Sergipe;2015;0,703;0,35300000000000004
SE;28;Sergipe;2016;0,702;0,35300000000000004
SE;28;Sergipe;2017;0,705;0,35300000000000004
SE;28;Sergipe;2018;0,716;0,35300000000000004
SE;28;Sergipe;2019;0,713;0,35300000000000004
SE;28;Sergipe;2020;0,722;0,35300000000000004
SE;28;Sergipe;2021;0,712;0,35300000000000004
SE;28;Sergipe;2022;0,738;0,35300000000000004
SE;28;Sergipe;2023;0,748;0,35300000000000004
SE;28;Sergipe;2024;0,761;0,35300000000000004
SP;35;São Paulo;1991;0,578;0,26
SP;35;São Paulo;2000;0,702;0,26
SP;35;São Paulo;2010;0,783;0,26
SP;35;São Paulo;2012;0,803;0,26
SP;35;São Paulo;2013;0,809;0,26
SP;35;São Paulo;2014;0,815;0,26
SP;35;São Paulo;2015;0,813;0,26
SP;35;São Paulo;2016;0,824;0,26
SP;35;São Paulo;2017;0,82;0,26
SP;35;São Paulo;2018;0,826;0,26
SP;35;São Paulo;2019;0,833;0,26
SP;35;São Paulo;2020;0,822;0,26
SP;35;São Paulo;2021;0,801;0,26
SP;35;São Paulo;2022;0,828;0,26
SP;35;São Paulo;2023;0,836;0,26
SP;35;São Paulo;2024;0,838;0,26
TO;17;Tocantins;1991;0,369;0,42800000000000005
TO;17;Tocantins;2000;0,525;0,42800000000000005
TO;17;Tocantins;2010;0,699;0,42800000000000005
TO;17;Tocantins;2012;0,721;0,42800000000000005
TO;17;Tocantins;2013;0,73;0,42800000000000005
TO;17;Tocantins;2014;0,749;0,42800000000000005
TO;17;Tocantins;2015;0,739;0,42800000000000005
TO;17;Tocantins;2016;0,739;0,42800000000000005
TO;17;Tocantins;2017;0,749;0,42800000000000005
TO;17;Tocantins;2018;0,76;0,42800000000000005
TO;17;Tocantins;2019;0,762;0,42800000000000005
TO;17;Tocantins;2020;0,76;0,42800000000000005
TO;17;Tocantins;2021;0,731;0,42800000000000005
TO;17;Tocantins;2022;0,777;0,42800000000000005
TO;17;Tocantins;2023;0,789;0,42800000000000005
TO;17;Tocantins;2024;0,797;0,42800000000000005
